{
  "pools": [
    {
      "poolId": 1,
      "tokenA": "ETH",
      "tokenB": "BTC",
      "price": 0.0674
    },
    {
      "poolId": 2,
      "tokenA": "BTC",
      "tokenB": "USDT",
      "price": 60000
    },
    {
      "poolId": 3,
      "tokenA": "BTC",
      "tokenB": "DAI",
      "price": 59900
    },
    {
      "poolId": 4,
      "tokenA": "ETH",
      "tokenB": "DAI",
      "price": 3992
    },
    {
      "poolId": 5,
      "tokenA": "ATOM",
      "tokenB": "BTC",
      "price": 0.0006
    },
    {
        "poolId": 6,
        "tokenA": "XRP",
        "tokenB": "USDT",
        "price": 0.25
    }
  ]
}