{
  "tokens": [
    {
      "id": "ADA",
      "name": "Cardano",
      "image": "/images/tokens/ada.svg"
    },
    {
      "id": "ATOM",
      "name": "Costom",
      "image": "/images/tokens/atom.svg"
    },
    {
      "id": "BTC",
      "name": "Bitcoin",
      "image": "/images/tokens/btc.svg"
    },
    {
      "id": "DAI",
      "name": "Dai",
      "image": "/images/tokens/dai.svg"
    },
    {
      "id": "EOS",
      "name": "EOS",
      "image": "/images/tokens/eos.svg"
    },
    {
      "id": "ETH",
      "name": "Ethereum",
      "image": "/images/tokens/eth.svg"
    },
    {
      "id": "UNI",
      "name": "Uniswap",
      "image": "/images/tokens/uni.svg"
    },
    {
      "id": "USDT",
      "name": "Tether",
      "image": "/images/tokens/usdt.svg"
    },
    {
      "id": "XRP",
      "name": "XRP",
      "image": "/images/tokens/xrp.svg"
    }
  ]
}